home,away_x,predict_kp,date,draft_kings,home_cover,percent_chance,bet,away_y,score
Chattanooga,East Tennessee St.,-1,2021-02-15,1.0,0.0,0.6559999999999999,East Tennessee St.,East Tennessee St.,2.0
New Orleans,Stephen F. Austin,-8,2021-02-15,-9.5,0.0,0.6346,Stephen F. Austin,Stephen F. Austin,-10.0
Tennessee Tech,Eastern Kentucky,-8,2021-02-15,-8.0,1.0,0.5981,Tennessee Tech,Eastern Kentucky,-11.0
SIU Edwardsville,Murray St.,-7,2021-02-15,-11.5,1.0,0.5737,SIU Edwardsville,Murray St.,-29.0
Longwood,Hampton,7,2021-02-15,5.0,1.0,0.5733,Longwood,Hampton,10.0
Washington St.,Washington,7,2021-02-15,7.0,1.0,0.5626,Washington St.,Washington,-2.0
Florida St.,Virginia,-1,2021-02-15,1.5,0.0,0.5171,Virginia,Virginia,21.0
Presbyterian,USC Upstate,1,2021-02-15,1.0,0.0,0.5107,USC Upstate,USC Upstate,10.0
Jackson St.,Texas Southern,-1,2021-02-15,0.0,0.0,0.5063,Texas Southern,,
